Date,PCI,S&P 500 TR,MSCI World TR
2010-01-08,1000.00,1000.00,
2010-01-15,981.65,992.33,
2010-01-22,931.13,953.83,
2010-01-29,937.36,938.36,
2010-02-05,906.58,931.99,
2010-02-12,927.91,941.06,
2010-02-19,955.64,971.03,
2010-02-26,966.28,967.42,
2010-03-05,1038.44,997.62,
2010-03-12,1059.36,1008.22,
2010-03-19,1101.31,1016.97,
2010-03-26,1067.64,1023.00,
2010-04-02,1099.36,1033.45,
2010-04-09,1092.88,1048.25,
2010-04-16,1068.91,1046.40,
2010-04-23,1046.00,1068.56,
2010-04-30,1052.82,1042.00,
2010-05-07,965.37,975.92,
2010-05-14,1014.92,998.36,
2010-05-21,936.36,956.71,
2010-05-28,1005.26,958.79,
2010-06-04,949.84,937.47,
2010-06-11,942.78,961.59,
2010-06-18,1008.93,984.60,
2010-06-25,976.11,948.87,
2010-07-02,930.26,901.52,
2010-07-09,983.30,950.83,
2010-07-16,971.80,939.43,
2010-07-23,1002.48,972.97,
2010-07-30,1015.63,972.26,
2010-08-06,1031.34,990.46,
2010-08-13,990.18,953.71,
2010-08-20,985.60,947.50,
2010-08-27,979.37,941.64,
2010-09-03,1016.53,977.40,
2010-09-10,1027.40,982.16,
2010-09-17,1051.34,996.91,
2010-09-24,1066.30,1017.52,
2010-10-01,1078.19,1015.71,
2010-10-08,1107.71,1033.06,
2010-10-15,1132.80,1042.96,
2010-10-22,1126.37,1049.30,
2010-10-29,1106.53,1049.70,
2010-11-05,1173.20,1087.93,
2010-11-12,1127.63,1065.05,
2010-11-19,1126.43,1066.12,
2010-11-26,1099.44,1057.35,
2010-12-03,1123.56,1089.33,
2010-12-10,1140.90,1103.72,
2010-12-17,1143.66,1107.10,
2010-12-24,1154.29,1118.98,
2010-12-31,1164.67,1119.99,
2011-01-07,1175.76,1132.98,
2011-01-14,1203.05,1152.51,
2011-01-21,1183.13,1143.91,
2011-01-28,1192.79,1137.82,
2011-02-04,1213.32,1169.00,
2011-02-11,1221.59,1186.10,
2011-02-18,1244.44,1199.19,
2011-02-25,1217.16,1179.20,
2011-03-04,1232.67,1180.64,
2011-03-11,1201.43,1166.36,
2011-03-18,1176.98,1144.04,
2011-03-25,1212.78,1175.15,
2011-04-01,1240.93,1192.19,
2011-04-08,1254.34,1189.10,
2011-04-15,1241.93,1181.66,
2011-04-22,1257.80,1197.62,
2011-04-29,1289.54,1221.42,
2011-05-06,1260.72,1200.87,
2011-05-13,1247.45,1199.57,
2011-05-20,1244.54,1196.23,
2011-05-27,1231.32,1194.92,
2011-06-03,1231.28,1167.41,
2011-06-10,1207.86,1141.56,
2011-06-17,1185.42,1142.69,
2011-06-24,1187.51,1140.13,
2011-07-01,1240.29,1204.73,
2011-07-08,1241.46,1209.00,
2011-07-15,1202.15,1184.28,
2011-07-22,1224.68,1210.60,
2011-07-29,1192.27,1163.32,
2011-08-05,1087.09,1080.13,
2011-08-12,1065.96,1062.45,
2011-08-19,1032.56,1013.24,
2011-08-26,1046.91,1061.63,
2011-09-02,1072.16,1059.72,
2011-09-09,1037.01,1042.22,
2011-09-16,1051.74,1098.68,
2011-09-23,963.26,1026.99,
2011-09-30,994.79,1022.79,
2011-10-07,997.57,1045.37,
2011-10-14,1044.95,1108.18,
2011-10-21,1056.77,1120.83,
2011-10-28,1127.36,1163.35,
2011-11-04,1087.58,1134.85,
2011-11-11,1071.29,1145.52,
2011-11-18,1031.00,1102.58,
2011-11-25,983.20,1051.24,
2011-12-02,1066.87,1129.71,
2011-12-09,1062.16,1140.05,
2011-12-16,1025.03,1108.28,
2011-12-23,1055.45,1150.30,
2011-12-30,1049.31,1143.65,
2012-01-06,1052.74,1162.74,
2012-01-13,1076.98,1173.20,1000.00
2012-01-20,1123.17,1197.38,1029.42
2012-01-27,1132.84,1198.42,1026.84
2012-02-03,1177.38,1224.99,1065.01
2012-02-10,1180.07,1223.45,1065.01
2012-02-17,1195.77,1241.50,1065.01
2012-02-24,1206.33,1246.09,1093.44
2012-03-02,1205.62,1250.30,1083.10
2012-03-09,1199.13,1252.04,1078.93
2012-03-16,1225.16,1283.04,1088.27
2012-03-23,1209.78,1276.72,1088.27
2012-03-30,1211.56,1287.59,1093.04
2012-04-06,1188.24,1278.97,1078.53
2012-04-13,1172.64,1253.78,1079.32
2012-04-20,1178.97,1261.45,1084.89
2012-04-27,1189.84,1284.47,1097.42
2012-05-04,1175.52,1253.54,1090.26
2012-05-11,1148.91,1240.21,1047.71
2012-05-18,1084.41,1187.78,1002.78
2012-05-25,1090.54,1208.79,997.22
2012-06-01,1064.51,1173.03,1003.78
2012-06-08,1097.22,1217.21,1001.19
2012-06-15,1111.42,1233.55,1001.19
2012-06-22,1113.05,1226.66,1025.79
2012-06-29,1136.93,1252.16,1025.79
2012-07-06,1149.54,1246.09,1025.79
2012-07-13,1130.50,1248.25,1034.46
2012-07-20,1138.53,1254.00,1047.16
2012-07-27,1136.24,1275.62,1047.57
2012-08-03,1134.80,1280.75,1036.68
2012-08-10,1168.98,1295.52,1077.01
2012-08-17,1189.19,1307.89,1085.48
2012-08-24,1183.43,1301.75,1084.27
2012-08-31,1170.02,1298.15,1082.05
2012-09-07,1206.31,1327.69,1115.12
2012-09-14,1267.47,1354.05,1149.20
2012-09-21,1255.33,1349.17,1142.95
2012-09-28,1236.67,1331.69,1130.44
2012-10-05,1265.45,1351.35,1124.60
2012-10-12,1244.39,1321.81,1118.55
2012-10-19,1276.09,1326.33,1132.86
2012-10-26,1254.53,1306.73,1105.04
2012-11-02,1260.69,1309.11,1116.53
2012-11-09,1236.27,1278.72,1084.27
2012-11-16,1214.56,1261.29,1068.74
2012-11-23,1258.04,1307.39,1090.11
2012-11-30,1274.10,1314.68,1123.99
2012-12-07,1292.44,1317.34,1125.00
2012-12-14,1303.41,1313.91,1125.00
2012-12-21,1331.11,1329.78,1150.53
2012-12-28,1331.08,1304.56,1141.74
2013-01-04,1379.43,1364.39,1161.77
2013-01-11,1392.25,1370.24,1175.87
2013-01-18,1400.12,1383.40,1177.71
2013-01-25,1410.05,1399.34,1194.27
2013-02-01,1432.70,1409.44,1215.53
2013-02-08,1424.51,1414.82,1215.74
2013-02-15,1440.13,1417.66,1212.47
2013-02-22,1438.58,1414.56,1203.68
2013-03-01,1439.55,1417.64,1205.11
2013-03-08,1480.37,1449.15,1231.89
2013-03-15,1482.90,1458.77,1239.86
2013-03-22,1466.95,1455.29,1232.71
2013-03-29,1468.85,1467.37,1234.14
2013-04-05,1448.68,1452.96,1228.62
2013-04-12,1495.57,1486.99,1264.60
2013-04-19,1460.06,1455.65,1224.53
2013-04-26,1503.64,1481.24,1247.02
2013-05-03,1533.23,1511.77,1287.90
2013-05-10,1573.19,1531.31,1321.63
2013-05-17,1586.88,1564.05,1326.74
2013-05-24,1556.13,1547.79,1279.72
2013-05-31,1549.20,1530.62,1300.37
2013-06-07,1537.12,1543.33,1268.48
2013-06-14,1524.94,1528.39,1308.75
2013-06-21,1490.71,1496.46,1270.53
2013-06-28,1506.22,1510.07,1243.96
2013-07-05,1526.54,1534.68,1274.59
2013-07-12,1581.38,1580.83,1307.48
2013-07-19,1594.65,1592.42,1353.33
2013-07-26,1599.40,1592.10,1315.91
2013-08-02,1614.58,1609.64,1333.80
2013-08-09,1615.12,1593.83,1369.57
2013-08-16,1612.97,1561.34,1305.43
2013-08-23,1595.43,1569.08,1326.81
2013-08-30,1554.91,1540.95,1294.12
2013-09-06,1576.01,1562.58,1322.49
2013-09-13,1626.43,1594.36,1327.01
2013-09-20,1668.39,1615.38,1372.24
2013-09-27,1657.29,1598.84,1365.04
2013-10-04,1663.39,1598.21,1339.14
2013-10-11,1676.07,1611.12,1360.52
2013-10-18,1725.35,1650.50,1394.24
2013-10-25,1731.84,1665.01,1399.99
2013-11-01,1728.36,1667.16,1404.72
2013-11-08,1721.85,1677.17,1378.41
2013-11-15,1740.42,1704.23,1403.90
2013-11-22,1764.65,1711.30,1428.57
2013-11-29,1785.69,1712.98,1430.21
2013-12-06,1767.08,1713.13,1407.60
2013-12-13,1736.44,1685.62,1376.76
2013-12-20,1781.56,1726.79,1411.50
2013-12-27,1810.54,1749.50,1431.56
2014-01-03,1794.63,1740.51,1437.97
2014-01-10,1787.69,1751.53,1442.72
2014-01-17,1789.97,1748.36,1444.58
2014-01-24,1736.42,1702.61,1408.20
2014-01-31,1711.09,1695.62,1393.10
2014-02-07,1719.34,1710.83,1409.02
2014-02-14,1764.93,1751.76,1442.10
2014-02-21,1777.17,1750.40,1450.37
2014-02-28,1787.43,1773.19,1466.71
2014-03-07,1812.59,1791.83,1478.29
2014-03-14,1775.04,1757.53,1436.73
2014-03-21,1779.03,1781.85,1447.07
2014-03-28,1799.65,1773.96,1445.00
2014-04-04,1819.12,1781.68,1453.27
2014-04-11,1798.16,1735.40,1443.14
2014-04-18,1805.86,1782.53,1470.84
2014-04-25,1811.14,1781.44,1467.33
2014-05-02,1833.92,1798.74,1473.94
2014-05-09,1836.48,1797.92,1483.45
2014-05-16,1829.19,1798.53,1469.19
2014-05-23,1856.88,1820.97,1485.93
2014-05-30,1867.51,1843.60,1509.30
2014-06-06,1895.63,1869.39,1530.39
2014-06-13,1893.17,1857.53,1512.19
2014-06-20,1901.32,1883.49,1533.90
2014-06-27,1888.72,1882.30,1527.40
2014-07-04,1917.90,1906.34,1553.39
2014-07-11,1881.67,1890.10,1525.94
2014-07-18,1881.95,1900.77,1541.23
2014-07-25,1890.54,1901.02,1541.02
2014-08-01,1841.28,1850.43,1497.86
2014-08-08,1822.02,1857.86,1485.91
2014-08-15,1869.02,1881.68,1504.35
2014-08-22,1888.94,1914.69,1524.68
2014-08-29,1896.09,1929.97,1545.42
2014-09-05,1893.62,1934.70,1539.14
2014-09-12,1871.02,1914.46,1522.79
2014-09-19,1875.27,1938.81,1537.46
2014-09-26,1842.35,1912.83,1503.30
2014-10-03,1815.45,1899.03,1482.14
2014-10-10,1773.74,1840.39,1435.62
2014-10-17,1770.15,1821.93,1433.73
2014-10-24,1808.46,1897.38,1469.15
2014-10-31,1883.80,1949.38,1508.54
2014-11-07,1870.53,1964.47,1512.52
2014-11-14,1883.21,1973.19,1521.33
2014-11-21,1897.68,1997.08,1537.46
2014-11-28,1918.44,2001.81,1535.58
2014-12-05,1930.28,2010.14,1537.88
2014-12-12,1871.48,1940.44,1481.30
2014-12-19,1896.46,2007.11,1524.43
2014-12-26,1915.94,2025.14,1543.90
2015-01-02,1917.69,1996.37,1516.18
2015-01-09,1870.80,1984.18,1494.17
2015-01-16,1875.21,1959.87,1489.51
2015-01-23,1907.88,1991.64,1503.27
2015-01-30,1890.86,1936.82,1478.51
2015-02-06,1955.18,1997.17,1519.77
2015-02-13,1966.07,2039.07,1544.74
2015-02-20,1975.25,2053.00,1570.35
2015-02-27,1986.88,2048.14,1577.33
2015-03-06,1980.06,2016.69,1545.17
2015-03-13,1965.52,2000.48,1531.84
2015-03-20,2003.78,2053.88,1583.05
2015-03-27,1996.59,2008.67,1553.00
2015-04-03,2028.15,2015.15,1558.71
2015-04-10,2050.92,2050.20,1585.37
2015-04-17,2047.46,2030.08,1569.93
2015-04-24,2057.95,2066.06,1600.19
2015-05-01,2054.14,2057.32,1588.12
2015-05-08,2061.16,2066.46,1604.21
2015-05-15,2081.06,2074.40,1618.38
2015-05-22,2081.52,2078.73,1622.41
2015-05-29,2046.42,2061.26,1589.18
2015-06-05,2036.97,2047.83,1581.35
2015-06-12,2051.37,2050.33,1587.07
2015-06-19,2050.63,2066.27,1595.11
2015-06-26,2070.27,2058.62,1589.56
2015-07-03,2037.82,2035.24,1561.94
2015-07-10,2034.36,2035.79,1563.44
2015-07-17,2073.70,2085.12,1590.63
2015-07-24,2048.88,2039.52,1560.87
2015-07-31,2048.18,2063.70,1586.78
2015-08-07,2035.39,2039.42,1572.00
2015-08-14,2043.89,2054.36,1562.36
2015-08-21,1948.60,1937.03,1468.14
2015-08-28,1939.75,1955.38,1496.41
2015-09-04,1881.88,1889.75,1432.38
2015-09-11,1923.23,1930.08,1458.08
2015-09-18,1930.58,1927.67,1459.58
2015-09-25,1897.34,1901.56,1446.73
2015-10-02,1892.54,1922.40,1442.66
2015-10-09,1988.44,1985.92,1499.41
2015-10-16,2009.51,2004.29,1513.76
2015-10-23,2038.51,2046.14,1532.17
2015-10-30,2019.02,2050.74,1529.39
2015-11-06,2047.70,2071.75,1537.10
2015-11-13,1992.33,1997.91,1492.98
2015-11-20,2021.28,2064.58,1538.17
2015-11-27,2017.22,2066.32,1530.46
2015-12-04,2025.76,2068.74,1543.31
2015-12-11,1946.28,1991.29,1480.35
2015-12-18,1943.51,1985.18,1479.49
2015-12-25,1998.55,2040.67,1515.41
2016-01-01,1985.61,2024.40,1506.75
2016-01-08,1865.01,1904.85,1403.05
2016-01-15,1804.39,1863.84,1362.57
2016-01-22,1785.16,1890.54,1389.63
2016-01-29,1828.74,1923.94,1414.74
2016-02-05,1788.08,1865.48,1371.23
2016-02-12,1732.85,1852.07,1345.03
2016-02-19,1805.84,1905.91,1392.23
2016-02-26,1824.94,1936.90,1408.90
2016-03-04,1892.90,1989.37,1467.78
2016-03-11,1920.25,2012.99,1485.53
2016-03-18,1963.09,2040.58,1496.36
2016-03-25,1916.83,2027.33,1482.29
2016-04-01,1955.10,2064.69,1498.09
2016-04-08,1915.98,2040.88,1492.68
2016-04-15,1982.60,2074.50,1521.69
2016-04-22,1995.93,2085.53,1545.50
2016-04-29,1970.22,2059.64,1517.79
2016-05-06,1938.14,2052.78,1499.39
2016-05-13,1932.31,2043.77,1494.62
2016-05-20,1937.93,2050.96,1503.72
2016-05-27,1984.56,2098.60,1533.38
2016-06-03,1962.71,2099.42,1540.52
2016-06-10,1959.70,2097.01,1519.52
2016-06-17,1900.16,2073.43,1507.61
2016-06-24,1892.24,2039.81,1477.92
2016-07-01,1925.98,2106.55,1522.83
2016-07-08,1890.51,2134.66,1528.08
2016-07-15,1971.00,2166.84,1560.72
2016-07-22,1980.20,2180.62,1569.05
2016-07-29,1992.23,2179.56,1581.75
2016-08-05,2025.38,2190.18,1579.12
2016-08-12,2059.57,2192.87,1597.52
2016-08-19,2062.11,2194.25,1597.52
2016-08-26,2060.79,2179.65,1585.04
2016-09-02,2096.89,2191.85,1600.59
2016-09-09,2104.19,2140.06,1568.39
2016-09-16,2061.96,2152.79,1561.82
2016-09-23,2115.98,2178.60,1587.67
2016-09-30,2091.43,2183.03,1591.61
2016-10-07,2101.23,2169.89,1576.93
2016-10-14,2092.65,2149.24,1558.09
2016-10-21,2087.61,2158.02,1569.48
2016-10-28,2070.95,2143.46,1562.47
2016-11-04,2040.87,2103.02,1527.87
2016-11-11,2121.49,2184.42,1564.67
2016-11-18,2120.70,2203.97,1567.07
2016-11-25,2150.48,2235.98,1584.16
2016-12-02,2149.73,2215.74,1581.53
2016-12-09,2240.81,2285.03,1625.34
2016-12-16,2209.17,2284.39,1619.43
2016-12-23,2216.77,2291.15,1628.12
2016-12-30,2220.88,2266.52,1616.84
2017-01-06,2259.92,2306.45,1654.67
2017-01-13,2255.90,2304.36,1657.99
2017-01-20,2253.30,2301.48,1651.35
2017-01-27,2293.67,2325.42,1671.70
2017-02-03,2308.84,2329.18,1672.37
2017-02-10,2325.70,2349.56,1681.22
2017-02-17,2350.15,2387.05,1701.13
2017-02-24,2348.82,2404.56,1707.99
2017-03-03,2350.44,2421.69,1718.16
2017-03-10,2355.02,2411.99,1713.52
2017-03-17,2404.91,2418.82,1728.34
2017-03-24,2360.41,2384.35,1714.62
2017-03-31,2363.88,2404.01,1722.81
2017-04-07,2344.44,2398.17,1718.16
2017-04-14,2340.81,2371.62,1703.12
2017-04-21,2357.96,2392.19,1716.39
2017-04-28,2411.22,2428.70,1751.79
2017-05-05,2427.23,2444.73,1771.70
2017-05-12,2423.34,2438.31,1766.17
2017-05-19,2417.64,2430.57,1771.93
2017-05-26,2455.55,2466.22,1789.40
2017-06-02,2489.73,2491.07,1811.09
2017-06-09,2497.28,2484.30,1800.24
2017-06-16,2509.10,2487.18,1802.68
2017-06-23,2487.19,2492.75,1800.84
2017-06-30,2524.20,2478.25,1795.48
2017-07-07,2548.69,2481.70,1793.91
2017-07-14,2576.41,2516.95,1825.43
2017-07-21,2605.08,2531.07,1831.24
2017-07-28,2613.87,2531.04,1837.94
2017-08-04,2671.41,2536.91,1846.66
2017-08-11,2601.95,2502.28,1812.02
2017-08-18,2600.11,2487.71,1810.01
2017-08-25,2619.21,2506.38,1823.64
2017-09-01,2616.31,2542.15,1842.19
2017-09-08,2579.62,2527.33,1843.53
2017-09-15,2632.65,2568.55,1867.23
2017-09-22,2650.50,2570.86,1873.93
2017-09-29,2656.62,2589.28,1879.52
2017-10-06,2677.34,2621.66,1893.82
2017-10-13,2709.36,2625.99,1910.14
2017-10-20,2737.02,2649.22,1916.84
2017-10-27,2737.55,2655.38,1914.83
2017-11-03,2749.91,2663.19,1923.33
2017-11-10,2757.40,2659.39,1921.32
2017-11-17,2753.26,2657.87,1917.29
2017-11-24,2779.94,2682.65,1941.88
2017-12-01,2783.18,2725.55,1953.72
2017-12-08,2765.77,2736.13,1957.52
2017-12-15,2774.81,2762.04,1965.79
2017-12-22,2797.09,2770.35,1987.61
2017-12-29,2819.33,2761.33,1987.84
2018-01-05,2864.90,2833.87,2039.96
2018-01-12,2903.54,2879.55,2067.71
2018-01-19,2964.41,2904.79,2082.15
2018-01-26,2992.92,2969.68,2122.30
2018-02-02,2958.10,2856.39,2046.72
2018-02-09,2787.61,2710.60,1943.62
2018-02-16,2898.27,2829.17,2023.49
2018-02-23,2893.67,2845.45,2029.13
2018-03-02,2823.39,2789.13,1979.72
2018-03-09,2904.48,2889.14,2036.80
2018-03-16,2883.65,2854.55,2019.65
2018-03-23,2800.98,2685.19,1923.09
2018-03-30,2838.75,2740.37,1965.73
2018-04-06,2828.84,2703.37,1943.85
2018-04-13,2866.84,2758.58,1980.85
2018-04-20,2884.44,2773.51,1991.45
2018-04-27,2875.27,2773.50,1989.87
2018-05-04,2839.55,2767.66,1987.16
2018-05-11,2880.92,2836.52,2027.32
2018-05-18,2861.92,2823.26,2018.52
2018-05-25,2840.02,2832.61,2010.85
2018-06-01,2809.90,2847.96,2015.14
2018-06-08,2852.93,2895.17,2041.54
2018-06-15,2817.02,2897.27,2038.83
2018-06-22,2778.23,2871.98,2020.29
2018-06-29,2733.84,2834.47,1996.55
2018-07-06,2754.44,2878.72,2021.43
2018-07-13,2767.14,2923.20,2040.60
2018-07-20,2795.63,2924.35,2044.48
2018-07-27,2849.29,2942.26,2056.13
2018-08-03,2855.91,2965.78,2060.92
2018-08-10,2849.57,2960.46,2041.75
2018-08-17,2829.23,2980.06,2045.40
2018-08-24,2858.04,3006.26,2070.74
2018-08-31,2874.29,3035.75,2080.10
2018-09-07,2843.08,3005.97,2047.22
2018-09-14,2872.71,3042.31,2079.87
2018-09-21,2946.56,3068.55,2111.60
2018-09-28,2913.09,3053.03,2095.62
2018-10-05,2868.48,3024.15,2066.17
2018-10-12,2752.92,2901.22,1982.39
2018-10-19,2769.74,2902.53,1979.65
2018-10-26,2685.34,2788.34,1905.01
2018-11-02,2794.54,2856.56,1958.19
2018-11-09,2821.28,2919.74,1987.87
2018-11-16,2780.59,2874.75,1960.02
2018-11-23,2745.20,2766.45,1901.12
2018-11-30,2785.70,2902.32,1968.01
2018-12-07,2688.60,2770.17,1892.68
2018-12-14,2653.21,2736.35,1870.53
2018-12-21,2575.19,2544.01,1762.12
2018-12-28,2607.45,2617.70,1805.19
2019-01-04,2634.12,2667.41,1841.83
2019-01-11,2704.23,2736.11,1884.46
2019-01-18,2765.10,2815.37,1931.02
2019-01-25,2751.69,2809.40,1932.17
2019-02-01,2788.33,2854.79,1957.29
2019-02-08,2767.55,2857.93,1952.45
2019-02-15,2811.64,2931.11,2003.61
2019-02-22,2860.96,2950.28,2019.51
2019-03-01,2890.47,2963.87,2029.65
2019-03-08,2805.68,2900.98,1987.48
2019-03-15,2872.19,2986.47,2045.32
2019-03-22,2847.16,2964.08,2024.12
2019-03-29,2848.12,3000.61,2046.25
2019-04-05,2913.41,3063.24,2088.42
2019-04-12,2927.07,3080.38,2098.79
2019-04-19,2961.40,3078.30,2102.02
2019-04-26,2956.90,3115.57,2114.00
2019-05-03,2986.63,3122.36,2123.22
2019-05-10,2919.36,3056.75,2072.98
2019-05-17,2913.69,3035.80,2062.61
2019-05-24,2909.25,3001.21,2045.78
2019-05-31,2884.09,2923.70,1999.46
2019-06-07,2964.99,3054.22,2079.20
2019-06-14,2975.41,3070.27,2079.89
2019-06-21,3023.06,3138.38,2125.77
2019-06-28,3031.80,3129.75,2126.24
2019-07-05,3105.33,3182.76,2157.31
2019-07-12,3081.39,3208.96,2166.19
2019-07-19,3060.60,3169.98,2146.10
2019-07-26,3047.90,3222.75,2173.66
2019-08-02,2971.58,3123.84,2105.22
2019-08-09,2945.63,3111.33,2098.44
2019-08-16,2914.52,3082.03,2067.37
2019-08-23,2899.34,3038.31,2044.48
2019-08-30,2918.74,3124.44,2098.67
2019-09-06,2990.03,3181.57,2137.92
2019-09-13,3068.46,3214.11,2161.98
2019-09-20,3066.33,3198.22,2158.01
2019-09-27,3046.71,3166.76,2139.32
2019-10-04,3003.83,3157.39,2120.87
2019-10-11,3033.47,3178.37,2147.96
2019-10-18,3084.90,3195.97,2164.32
2019-10-25,3089.78,3235.26,2189.31
2019-11-01,3110.88,3283.55,2221.78
2019-11-08,3156.68,3314.02,2236.97
2019-11-15,3139.15,3345.08,2253.79
2019-11-22,3118.55,3335.33,2241.87
2019-11-29,3141.79,3369.88,2260.33
2019-12-06,3153.59,3376.84,2268.27
2019-12-13,3211.44,3402.92,2293.73
2019-12-20,3235.97,3460.03,2322.85
2019-12-27,3222.65,3480.84,2336.06
2020-01-03,3237.18,3476.76,2327.10
2020-01-10,3208.09,3510.95,2344.78
2020-01-17,3254.68,3580.68,2385.34
2020-01-24,3223.54,3544.51,2359.40
2020-01-31,3149.42,3470.23,2304.46
2020-02-07,3239.29,3581.61,2372.84
2020-02-14,3256.45,3640.63,2403.26
2020-02-21,3206.27,3596.09,2378.97
2020-02-28,2879.30,3184.57,2114.41
2020-03-06,2873.86,3205.26,2129.26
2020-03-13,2427.87,2925.59,1877.66
2020-03-20,2082.29,2488.17,1618.29
2020-03-27,2307.57,2743.94,1806.69
2020-04-03,2209.05,2688.44,1763.07
2020-04-10,2461.40,3014.95,1957.60
2020-04-17,2416.00,3107.32,2001.22
2020-04-24,2318.14,3066.93,1977.17
2020-05-01,2395.14,3061.03,1983.77
2020-05-08,2405.46,3170.17,2051.68
2020-05-15,2289.40,3100.40,2001.22
2020-05-22,2388.37,3201.75,2062.29
2020-05-29,2483.26,3299.03,2138.69
2020-06-05,2756.63,3462.59,2257.30
2020-06-12,2581.19,3298.82,2158.27
2020-06-19,2603.50,3360.95,2196.83
2020-06-26,2551.06,3264.96,2147.52
2020-07-03,2606.71,3397.74,2223.74
2020-07-10,2621.25,3458.56,2261.14
2020-07-17,2694.89,3502.47,2292.58
2020-07-24,2702.43,3493.06,2285.67
2020-07-31,2681.96,3554.36,2302.11
2020-08-07,2774.18,3642.74,2354.51
2020-08-14,2808.14,3667.97,2381.19
2020-08-21,2775.28,3696.04,2395.95
2020-08-28,2821.64,3817.79,2460.98
2020-09-04,2779.18,3731.19,2409.29
2020-09-11,2774.32,3638.27,2367.37
2020-09-18,2764.31,3616.29,2370.23
2020-09-25,2622.17,3594.16,2333.31
2020-10-02,2700.64,3649.60,2367.61
2020-10-09,2776.58,3791.74,2450.98
2020-10-16,2741.95,3799.56,2444.31
2020-10-23,2797.21,3780.02,2437.64
2020-10-30,2635.94,3567.62,2299.25
2020-11-06,2805.28,3830.19,2475.27
2020-11-13,2984.66,3914.99,2541.01
2020-11-20,3076.90,3886.47,2550.06
2020-11-27,3121.71,3975.79,2609.61
2020-12-04,3164.29,4044.33,2653.91
2020-12-11,3157.62,4006.03,2631.29
2020-12-18,3216.32,4057.57,2678.41
2020-12-25,3214.52,4051.55,2673.61
2021-01-01,3253.77,4110.33,2696.88
2021-01-08,3353.07,4187.63,2766.46
2021-01-15,3348.79,4126.45,2724.23
2021-01-22,3314.03,4207.19,2767.41
2021-01-29,3166.24,4068.83,2674.81
2021-02-05,3293.26,4258.82,2787.81
2021-02-12,3392.72,4313.44,2837.71
2021-02-19,3398.76,4284.25,2824.75
2021-02-26,3386.65,4181.02,2741.50
2021-03-05,3449.57,4216.07,2760.22
2021-03-12,3581.15,4329.39,2833.63
2021-03-19,3556.53,4297.20,2821.16
2021-03-26,3541.54,4365.14,2842.99
2021-04-02,3564.81,4415.74,2873.70
2021-04-09,3602.15,4537.40,2940.39
2021-04-16,3661.86,4600.41,2985.50
2021-04-23,3643.53,4595.26,2980.22
2021-04-30,3659.14,4597.04,2965.58
2021-05-07,3733.26,4655.13,3016.45
2021-05-14,3694.72,4592.45,2978.54
2021-05-21,3713.44,4574.47,2979.26
2021-05-28,3750.26,4629.15,3013.33
2021-06-04,3767.82,4658.98,3036.84
2021-06-11,3762.82,4679.03,3057.56
2021-06-18,3632.19,4591.53,2989.13
2021-06-25,3708.56,4718.15,3065.06
2021-07-02,3664.88,4798.60,3091.42
2021-07-09,3624.65,4818.83,3100.61
2021-07-16,3641.18,4772.77,3065.54
2021-07-23,3620.97,4866.93,3124.06
2021-07-30,3663.82,4849.75,3115.36
2021-08-06,3726.48,4896.27,3144.86
2021-08-13,3769.25,4933.07,3176.54
2021-08-20,3687.59,4905.95,3136.40
2021-08-27,3756.22,4981.62,3187.90
2021-09-03,3774.33,5012.55,3217.41
2021-09-10,3724.12,4928.58,3170.01
2021-09-17,3686.64,4901.85,3147.52
2021-09-24,3681.46,4927.24,3157.68
2021-10-01,3647.82,4819.58,3082.95
2021-10-08,3716.87,4859.56,3100.12
2021-10-15,3762.00,4948.78,3167.83
2021-10-22,3795.66,5030.73,3209.91
2021-10-29,3778.08,5098.62,3236.51
2021-11-05,3806.30,5201.89,3297.45
2021-11-12,3785.25,5187.72,3289.47
2021-11-19,3715.56,5206.57,3279.55
2021-11-26,3594.58,5092.91,3192.01
2021-12-03,3595.20,5033.07,3153.32
2021-12-10,3652.54,5226.60,3254.40
2021-12-17,3635.19,5126.70,3199.00
2021-12-24,3674.29,5244.44,3275.23
2021-12-31,3735.56,5290.21,3297.55
2022-01-07,3819.31,5193.35,3245.65
2022-01-14,3887.91,5178.35,3241.02
2022-01-21,3757.25,4884.75,3075.07
2022-01-28,3709.28,4923.38,3068.98
2022-02-04,3784.19,5000.92,3124.54
2022-02-11,3823.23,4911.51,3086.03
2022-02-18,3779.90,4836.82,3048.51
2022-02-25,3669.56,4877.63,3052.89
2022-03-04,3517.84,4817.35,2962.97
2022-03-11,3540.80,4680.34,2897.42
2022-03-18,3705.79,4970.11,3088.47
2022-03-25,3758.32,5060.15,3129.90
2022-04-01,3825.63,5064.15,3138.91
2022-04-08,3725.34,5001.58,3089.69
2022-04-15,3710.48,4896.03,3036.57
2022-04-22,3650.13,4761.97,2948.11
2022-04-29,3507.50,4606.84,2861.36
2022-05-06,3467.84,4598.53,2835.04
2022-05-13,3415.06,4490.26,2781.91
2022-05-20,3445.33,4355.57,2737.08
2022-05-27,3589.51,4644.01,2891.82
2022-06-03,3577.06,4590.50,2861.11
2022-06-10,3456.56,4359.34,2716.01
2022-06-17,3317.07,4108.86,2564.60
2022-06-24,3379.46,4374.33,2705.20
2022-07-01,3390.93,4279.06,2648.66
2022-07-08,3373.13,4363.61,2685.29
2022-07-15,3244.43,4323.88,2649.40
2022-07-22,3320.21,4434.79,2726.83
2022-07-29,3389.63,4624.75,2840.63
2022-08-05,3403.74,4642.56,2842.35
2022-08-12,3541.94,4796.21,2930.59
2022-08-19,3468.25,4740.42,2877.74
2022-08-26,3397.58,4549.79,2775.25
2022-09-02,3326.56,4402.77,2678.65
2022-09-09,3394.42,4564.63,2775.00
2022-09-16,3362.34,4348.70,2654.81
2022-09-23,3213.80,4147.15,2516.67
2022-09-30,3112.48,4027.58,2456.70
2022-10-07,3162.27,4090.24,2496.03
2022-10-14,3148.10,4027.50,2456.95
2022-10-21,3172.01,4218.87,2563.13
2022-10-28,3306.87,4386.19,2661.45
2022-11-04,3332.81,4241.11,2608.36
2022-11-11,3493.54,4492.67,2777.95
2022-11-18,3516.63,4465.06,2759.27
2022-11-25,3612.07,4534.50,2806.96
2022-12-02,3636.99,4588.60,2843.58
2022-12-09,3609.05,4435.00,2762.71
2022-12-16,3539.26,4344.23,2705.53
2022-12-23,3620.82,4336.89,2709.74
2022-12-30,3619.96,4332.11,2705.04
2023-01-06,3684.92,4395.99,2759.51
2023-01-13,3846.22,4515.02,2842.46
2023-01-20,3826.97,4485.80,2836.51
2023-01-27,3915.07,4596.96,2895.69
2023-02-03,3915.74,4672.43,2925.90
2023-02-10,3869.42,4622.63,2892.72
2023-02-17,3880.65,4613.49,2893.96
2023-02-24,3823.82,4490.83,2813.98
2023-03-03,3903.08,4578.74,2878.85
2023-03-10,3740.12,4372.17,2754.56
2023-03-17,3560.30,4436.56,2762.23
2023-03-24,3629.95,4499.25,2808.29
2023-03-31,3765.27,4656.89,2913.52
2023-04-07,3795.61,4654.01,2913.77
2023-04-14,3885.60,4691.94,2949.92
2023-04-21,3890.89,4687.94,2951.90
2023-04-28,3932.85,4729.57,2966.01
2023-05-05,3955.40,4692.76,2955.12
2023-05-12,3939.25,4681.54,2940.26
2023-05-19,3993.74,4761.42,2980.87
2023-05-26,3909.64,4777.93,2968.98
2023-06-02,3985.89,4867.83,3016.52
2023-06-09,4035.53,4887.62,3027.23
2023-06-16,4074.28,5015.87,3107.23
2023-06-23,3982.21,4947.02,3044.73
2023-06-30,4027.36,5064.00,3112.98
2023-07-07,3972.43,5007.55,3071.73
2023-07-14,4091.37,5129.70,3165.98
2023-07-21,4157.34,5165.49,3184.98
2023-07-28,4205.04,5218.86,3210.98
2023-08-04,4117.11,5101.13,3130.48
2023-08-11,4112.24,5087.19,3121.73
2023-08-18,4000.86,4982.86,3045.48
2023-08-25,3990.11,5024.92,3067.48
2023-09-01,4084.90,5152.98,3147.73
2023-09-08,4033.45,5087.89,3102.98
2023-09-15,4131.86,5081.58,3115.48
2023-09-22,4107.48,4933.49,3029.23
2023-09-29,4022.34,4898.23,3004.23
2023-10-06,3994.32,4923.70,3006.23
2023-10-13,4025.77,4946.62,3016.98
2023-10-20,3954.14,4828.89,2941.23
2023-10-27,3913.62,4707.11,2875.24
2023-11-03,4091.55,4983.95,3048.23
2023-11-10,4075.13,5051.27,3070.98
2023-11-17,4199.49,5167.96,3157.48
2023-11-24,4274.97,5220.89,3187.98
2023-12-01,4307.31,5264.35,3218.98
2023-12-08,4339.05,5276.86,3222.98
2023-12-15,4366.04,5410.34,3298.73
2023-12-22,4391.33,5452.13,3337.97
2023-12-29,4440.59,5470.92,3352.84
2024-01-05,4417.74,5388.77,3298.39
2024-01-12,4428.41,5489.73,3350.57
2024-01-19,4422.90,5554.94,3368.21
2024-01-26,4521.16,5614.15,3404.51
2024-02-02,4534.29,5693.09,3439.29
2024-02-09,4535.07,5772.74,3475.84
2024-02-16,4666.05,5752.62,3479.37
2024-02-23,4749.01,5849.18,3537.09
2024-03-01,4734.03,5907.15,3567.59
2024-03-08,4825.70,5893.76,3581.20
2024-03-15,4831.79,5888.27,3572.63
2024-03-22,4847.75,6024.30,3639.68
2024-03-29,4894.38,6048.42,3652.53
2024-04-05,4839.06,5992.10,3618.50
2024-04-12,4724.18,5900.81,3553.73
2024-04-19,4688.22,5721.65,3460.97
2024-04-26,4770.41,5874.90,3548.94
2024-05-03,4842.23,5907.90,3573.64
2024-05-10,4984.19,6019.82,3639.17
2024-05-17,5056.26,6116.36,3698.40
2024-05-24,4961.45,6119.16,3687.82
2024-05-31,4958.29,6089.04,3672.70
2024-06-07,4948.93,6171.56,3705.97
2024-06-14,4809.04,6271.56,3724.68
2024-06-21,4887.47,6311.03,3741.19
2024-06-28,4891.45,6307.52,3747.80
2024-07-05,4931.07,6432.21,3824.29
2024-07-12,5079.61,6489.24,3872.57
2024-07-19,5057.60,6362.86,3790.74
2024-07-26,5111.58,6310.64,3764.06
2024-08-02,4987.09,6181.46,3674.87
2024-08-09,4984.41,6180.04,3685.29
2024-08-16,5184.13,6426.88,3829.62
2024-08-23,5313.82,6521.26,3908.14
2024-08-30,5427.20,6539.16,3917.80
2024-09-06,5325.10,6263.25,3754.41
2024-09-13,5347.06,6517.35,3891.37
2024-09-20,5445.56,6608.03,3941.43
2024-09-27,5577.90,6650.06,3979.80
2024-10-04,5577.31,6667.61,3972.68
2024-10-11,5496.01,6743.15,4003.18
2024-10-18,5547.39,6801.83,4025.03
2024-10-25,5410.49,6736.70,3967.86
2024-11-01,5378.49,6645.62,3922.12
2024-11-08,5582.47,6957.13,4062.64
2024-11-15,5561.16,6814.61,3980.81
2024-11-22,5647.86,6931.91,4046.88
2024-11-29,5719.75,7006.75,4094.65
2024-12-06,5752.01,7076.34,4140.65
2024-12-13,5638.55,7032.93,4099.99
2024-12-20,5432.94,6894.73,4000.48
2024-12-27,5484.75,6942.79,4032.21
2025-01-03,5450.34,6911.27,4016.34
2025-01-10,5278.19,6779.10,3946.50
2025-01-17,5478.13,6977.41,4052.67
2025-01-24,5473.96,7100.18,4138.13
2025-01-31,5555.38,7030.19,4110.50
2025-02-07,5597.56,7014.28,4108.96
2025-02-14,5648.06,7121.15,4184.69
2025-02-21,5623.27,7005.33,4126.36
2025-02-28,5690.78,6938.46,4093.61
2025-03-07,5758.19,6725.87,4033.23
2025-03-14,5780.58,6576.16,3951.87
2025-03-21,5857.12,6611.29,3971.57
2025-03-28,5913.20,6510.78,3911.44
2025-04-04,5567.14,5921.53,3562.72
2025-04-11,5550.54,6260.58,3758.96
2025-04-18,5790.63,6167.28,3752.56
2025-04-25,5919.45,6451.26,3915.79
2025-05-02,6085.03,6640.75,4022.23
2025-05-09,6147.88,6611.14,4011.23
2025-05-16,6283.03,6963.71,4183.41
2025-05-23,6238.55,6783.79,4118.17
2025-05-30,6374.67,6912.46,4178.30
2025-06-06,6463.52,7018.76,4243.28
2025-06-13,6391.78,6993.57,4221.54
2025-06-20,6363.83,6984.88,4203.00
2025-06-27,6518.93,7226.04,4346.60
2025-07-04,6521.98,7352.58,4405.39
2025-07-11,6456.67,7330.93,4385.79
2025-07-18,6490.02,7375.55,4403.84
2025-07-25,6556.99,7484.03,4479.64
2025-08-01,6337.79,7308.53,4356.14
2025-08-08,6550.83,7487.15,4476.55
2025-08-15,6662.45,7561.07,4530.43
2025-08-22,6759.33,7583.84,4552.09
2025-08-29,6717.41,7577.55,4534.56
2025-09-05,6666.19,7605.86,4548.74
2025-09-12,6770.04,7727.73,4621.44
2025-09-19,6745.32,7824.01,4667.59
2025-09-26,6685.91,7800.73,4648.51
2025-10-03,6789.03,7887.53,4718.38
2025-10-10,6688.66,7697.66,4594.37
2025-10-17,6602.50,7829.53,4683.06
2025-10-24,6714.27,7980.27,4751.38
2025-10-31,6621.84,8038.03,4770.46
2025-11-07,6732.32,7908.61,4706.78
2025-11-14,6845.76,7918.08,4723.02
2025-11-21,6697.04,7767.20,4619.64
2025-11-28,6830.98,8057.73,4786.71
2025-12-05,6787.93,8086.07,4810.42
2025-12-12,6967.86,8037.06,4797.79
2025-12-19,7047.83,8047.51,4812.96
2025-12-26,7079.35,8161.21,4881.32
2026-01-02,7042.00,8079.81,4847.53
2026-01-09,7065.82,8207.84,4926.02
2026-01-16,7035.17,8178.68,4917.70
2026-01-23,6988.99,8151.22,4908.61
2026-01-30,7147.86,8179.57,4928.62
2026-02-06,7210.35,8172.52,4944.47
2026-02-13,7214.15,8062.49,4922.64
2026-02-20,7247.00,8151.76,4969.16
2026-02-27,7308.98,8117.41,4960.07
2026-03-06,6959.58,7956.05,4807.76
2026-03-13,6841.99,7832.03,4723.81
2026-03-20,6772.75,7685.32,4626.35
2026-03-27,6725.63,7523.82,4559.29
2026-04-03,6883.58,7778.07,4723.03
2026-04-10,7096.22,8056.80,4896.13
2026-04-17,7309.76,8423.18,5088.72
2026-04-24,7162.13,8470.15,5075.21
2026-05-01,7155.59,8547.67,5113.93
2026-05-08,7247.40,8749.37,5214.78
2026-05-15,7257.71,8763.93,5196.06
2026-05-22,7318.78,8843.71,5264.16
2026-05-29,7195.71,8971.09,5326.28
2026-06-05,7210.75,8742.57,5208.02
2026-06-12,7320.04,8800.49,5258.44
2026-06-19,7358.65,8884.90,5304.33
2026-06-26,7423.27,8712.55,5163.83
2026-07-03,7434.93,8814.97,5265.35
