Ticker,Name,Country,Sector,Industry,Tag,Status,MarketCap,InvRatio,PPERatio,AgeYrs,G1_age,G3_alloc,G5_size,Insiders_raw,Note
ALL,The Allstate Corporation,United States,Financial Services,Insurance - Property & Casualty,A,CONSTITUENT,56933785600.0,0.678,0.005,,True,True,True,0.00504,
AFG,"American Financial Group, Inc.",United States,Financial Services,Insurance - Property & Casualty,A,CONSTITUENT,11042139136.0,0.44,,,True,True,True,0.20371,
AHL,,,,,,REJECT,,,,,,,,,no marketcap / no data
AIZ,"Assurant, Inc.",United States,Financial Services,Insurance - Property & Casualty,A,REJECT,12875448320.0,0.253,0.023,,True,False,True,0.0072000003,
AGO,Assured Guaranty Ltd.,Bermuda,Financial Services,Insurance - Specialty,A,CONSTITUENT,3388494080.0,0.625,,,True,True,True,0.0692,
ASIC,Ategrity Specialty Insurance Co,United States,Financial Services,Insurance - Property & Casualty,A,CONSTITUENT,1016370880.0,0.657,,,True,True,True,0.81222,
AXS,AXIS Capital Holdings Limited,Bermuda,Financial Services,Insurance - Specialty,A,CONSTITUENT,7445308928.0,0.417,0.003,,True,True,True,0.008719999,
BOW,Bowhead Specialty Holdings Inc.,United States,Financial Services,Insurance - Property & Casualty,A,CONSTITUENT,895821632.0,0.578,0.004,,True,True,True,0.04137,
BNT,Brookfield Wealth Solutions Ltd.,Bermuda,Financial Services,Insurance - Diversified,A,CONSTITUENT,12217874432.0,0.462,0.002,,True,True,True,0.23885,
CB,Chubb Limited,Switzerland,Financial Services,Insurance - Property & Casualty,A,CONSTITUENT,125433954304.0,0.58,,,True,True,True,0.09405,
CNA,CNA Financial Corporation,United States,Financial Services,Insurance - Property & Casualty,A,CONSTITUENT,12044058624.0,0.709,0.004,,True,True,True,0.00491,
EIG,"Employers Holdings, Inc.",United States,Financial Services,Insurance - Specialty,A,CONSTITUENT,849207936.0,0.652,0.003,,True,True,True,0.02408,
ESNT,Essent Group Ltd.,Bermuda,Financial Services,Insurance - Specialty,A,CONSTITUENT,5386334720.0,0.82,0.007,,True,True,True,0.055970002,
EG,"Everest Group, Ltd.",Bermuda,Financial Services,Insurance - Reinsurance,A,CONSTITUENT,13281416192.0,0.613,,,True,True,True,0.00803,
FIHL,Fidelis Insurance Holdings Ltd,Bermuda,Financial Services,Insurance - Diversified,A,REJECT,1787657472.0,0.241,,3.0,False,False,True,0.15552,
HG,"Hamilton Insurance Group, Ltd.",Bermuda,Financial Services,Insurance - Reinsurance,A,CONSTITUENT,3114653184.0,0.525,,,True,True,True,0.091359995,
THG,"The Hanover Insurance Group, Inc.",United States,Financial Services,Insurance - Property & Casualty,A,CONSTITUENT,6924934656.0,0.574,,,True,True,True,0.0090499995,
HCI,"HCI Group, Inc.",United States,Financial Services,Insurance - Property & Casualty,A,REJECT,2088705536.0,0.269,0.011,,True,False,True,0.14282,
HRTG,"Heritage Insurance Holdings, Inc.",United States,Financial Services,Insurance - Property & Casualty,A,CONSTITUENT,704464896.0,0.325,0.021,,True,True,True,0.19777,
HIPO,Hippo Holdings Inc.,United States,Financial Services,Insurance - Property & Casualty,A,REJECT,675892352.0,0.234,0.017,,True,False,True,0.10718001,
HMN,Horace Mann Educators Corporation,United States,Financial Services,Insurance - Property & Casualty,A,CONSTITUENT,1965755520.0,0.469,0.005,,True,True,True,0.01615,
KMPR,Kemper Corporation,United States,Financial Services,Insurance - Property & Casualty,A,CONSTITUENT,1473622016.0,0.609,,,True,True,True,0.0105,
KFS,Kingsway Financial Services Inc,United States,Financial Services,Asset Management,B/C,REJECT,307154208.0,0.18,0.058,28.1,True,False,True,0.27209,
KNSL,"Kinsale Capital Group, Inc.",United States,Financial Services,Insurance - Property & Casualty,A,CONSTITUENT,7122952192.0,0.823,0.015,,True,True,True,0.053489998,
LMND,"Lemonade, Inc.",United States,Financial Services,Insurance - Property & Casualty,A,CONSTITUENT,4520135168.0,0.375,0.018,,True,True,True,0.08731,
L,Loews Corporation,United States,Financial Services,Insurance - Property & Casualty,A,CONSTITUENT,22074886144.0,0.627,0.124,,True,True,True,0.18905,
MKL,Markel Group Inc.,United States,Financial Services,Insurance - Property & Casualty,A,CONSTITUENT,23114825728.0,0.477,,,True,True,True,0.01434,
MBI,MBIA Inc.,United States,Financial Services,Insurance - Specialty,A,CONSTITUENT,309678944.0,0.832,,,True,True,True,0.114250004,
MCY,Mercury General Corporation,United States,Financial Services,Insurance - Property & Casualty,A,CONSTITUENT,5686750208.0,0.688,0.017,,True,True,True,0.52031,
MTG,MGIC Investment Corporation,United States,Financial Services,Insurance - Specialty,A,CONSTITUENT,5511436288.0,0.875,0.005,,True,True,True,0.01933,
OSG,"Octave Specialty Group, Inc.",United States,Financial Services,Insurance - Specialty,A,REJECT,259278304.0,0.121,,,True,False,True,0.078449994,
ORI,Old Republic International Corporation,United States,Financial Services,Insurance - Property & Casualty,A,CONSTITUENT,9423106048.0,0.563,,,True,True,True,0.07648,
PRA,ProAssurance Corporation,United States,Financial Services,Insurance - Property & Casualty,A,CONSTITUENT,1272130432.0,0.796,0.003,,True,True,True,0.01434,
PGR,The Progressive Corporation,United States,Financial Services,Insurance - Property & Casualty,A,CONSTITUENT,119275315200.0,0.791,0.006,,True,True,True,0.0024899999,
RDN,Radian Group Inc.,United States,Financial Services,Insurance - Specialty,A,CONSTITUENT,4614239744.0,0.728,0.002,,True,True,True,0.01526,
RNR,RenaissanceRe Holdings Ltd.,Bermuda,Financial Services,Insurance - Reinsurance,A,CONSTITUENT,12754527232.0,0.619,,,True,True,True,0.02258,
RLI,RLI Corp.,United States,Financial Services,Insurance - Property & Casualty,A,CONSTITUENT,4881006080.0,0.748,0.007,,True,True,True,0.015800001,
SPNT,SiriusPoint Ltd.,Bermuda,Financial Services,Insurance - Reinsurance,A,CONSTITUENT,2675258880.0,0.421,,,True,True,True,0.115839995,
HIG,"The Hartford Insurance Group, Inc.",United States,Financial Services,Insurance - Diversified,A,CONSTITUENT,35157278720.0,0.661,0.011,,True,True,True,0.0035299999,
TRV,"The Travelers Companies, Inc.",United States,Financial Services,Insurance - Property & Casualty,A,CONSTITUENT,65454161920.0,0.669,,,True,True,True,0.0026699998,
UVE,"Universal Insurance Holdings, Inc.",United States,Financial Services,Insurance - Property & Casualty,A,CONSTITUENT,1063413568.0,0.538,0.017,,True,True,True,0.11282,
WRB,W. R. Berkley Corporation,United States,Financial Services,Insurance - Property & Casualty,A,CONSTITUENT,25009551360.0,0.658,0.014,,True,True,True,0.26275,
WTM,"White Mountains Insurance Group, Ltd.",Bermuda,Financial Services,Insurance - Property & Casualty,A,CONSTITUENT,4986428416.0,0.456,,,True,True,True,0.031070001,
ACIC,American Coastal Insurance Corporation,United States,Financial Services,Insurance - Property & Casualty,A,CONSTITUENT,508872512.0,0.319,0.001,,True,True,True,0.49482,
AMSF,"AMERISAFE, Inc.",United States,Financial Services,Insurance - Specialty,A,CONSTITUENT,585802112.0,0.65,0.006,,True,True,True,0.02029,
ACGL,Arch Capital Group Ltd.,Bermuda,Financial Services,Insurance - Diversified,A,CONSTITUENT,31857344512.0,0.579,,,True,True,True,0.026199998,
CINF,Cincinnati Financial Corporation,United States,Financial Services,Insurance - Property & Casualty,A,CONSTITUENT,26327681024.0,0.755,0.005,,True,True,True,0.01714,
CNFR,,,,,,REJECT,,,,,,,,,no marketcap / no data
DGICA,Donegal Group Inc.,United States,Financial Services,Insurance - Property & Casualty,A,CONSTITUENT,647997568.0,0.629,0.001,,True,True,True,0.0143,
ESGR,,,,,,REJECT,,,,,,,,,no marketcap / no data
FGF,Fundamental Global Inc.,,,,,REJECT,,,,,,,,,no marketcap / no data
GLRE,"Greenlight Capital Re, Ltd.",Cayman Islands,Financial Services,Insurance - Reinsurance,A,REJECT,532984800.0,0.292,,,True,False,True,0.24643,
ICCH,,,,,,REJECT,,,,,,,,,no marketcap / no data
IGIC,International General Insurance Holdings Ltd.,Jordan,Financial Services,Insurance - Diversified,A,CONSTITUENT,1057534912.0,0.534,,,True,True,True,0.40747002,
JRVR,"James River Group Holdings, Inc.",United States,Financial Services,Insurance - Specialty,A,REJECT,182635584.0,0.304,0.005,,True,True,False,0.07829,
KINS,"Kingstone Companies, Inc.",United States,Financial Services,Insurance - Property & Casualty,A,REJECT,235378672.0,0.673,0.017,,True,True,False,0.21416001,
MHLD,,,,,,REJECT,,,,,,,,,no marketcap / no data
NODK,"NI Holdings, Inc.",United States,Financial Services,Insurance - Property & Casualty,A,CONSTITUENT,325859648.0,0.643,0.013,,True,True,True,0.68222,
NMIH,"NMI Holdings, Inc.",United States,Financial Services,Insurance - Specialty,A,CONSTITUENT,2847426304.0,0.817,0.006,,True,True,True,0.01745,
OXBR,Oxbridge Re Holdings Limited,Cayman Islands,Financial Services,Insurance - Reinsurance,A,REJECT,7735192.0,,0.007,,True,,False,0.14202,
PLMR,"Palomar Holdings, Inc.",United States,Financial Services,Insurance - Property & Casualty,A,CONSTITUENT,2960482304.0,0.434,0.001,,True,True,True,0.024820002,
ROOT,"Root, Inc.",United States,Financial Services,Insurance - Property & Casualty,A,REJECT,822809152.0,0.231,0.001,,True,False,True,0.059510004,
SAFT,"Safety Insurance Group, Inc.",United States,Financial Services,Insurance - Property & Casualty,A,CONSTITUENT,1035622592.0,0.623,0.008,,True,True,True,0.02122,
SIGI,"Selective Insurance Group, Inc.",United States,Financial Services,Insurance - Property & Casualty,A,CONSTITUENT,5526555136.0,0.694,0.007,,True,True,True,0.0075700004,
SKWD,"Skyward Specialty Insurance Group, Inc.",United States,Financial Services,Insurance - Property & Casualty,A,CONSTITUENT,2049857408.0,0.466,0.003,,True,True,True,0.08959,
TIPT,Tiptree Inc.,United States,Financial Services,Insurance - Specialty,A,REJECT,657100608.0,0.003,0.002,,True,False,True,0.38828,
UFCS,"United Fire Group, Inc.",United States,Financial Services,Insurance - Property & Casualty,A,CONSTITUENT,1238936320.0,0.574,0.035,,True,True,True,0.17304,
FFH.TO,Fairfax Financial Holdings Limited,Canada,Financial Services,Insurance - Property & Casualty,A,CONSTITUENT,46196178944.0,0.602,0.033,,True,True,True,0.025880001,
IFC.TO,Intact Financial Corporation,Canada,Financial Services,Insurance - Property & Casualty,A,CONSTITUENT,49140240384.0,0.65,0.014,,True,True,True,0.0029699998,
DFY.TO,Definity Financial Corporation,Canada,Financial Services,Insurance - Property & Casualty,A,CONSTITUENT,8665155584.0,0.726,0.01,,True,True,True,0.00493,
MFC.TO,Manulife Financial Corporation,Canada,Financial Services,Insurance - Life,A,REJECT,94993416192.0,0.249,0.003,,True,False,True,0.00016000001,
SLF.TO,Sun Life Financial Inc.,Canada,Financial Services,Insurance - Diversified,A,REJECT,60657025024.0,0.299,0.004,,True,False,True,0.00063,
GWO.TO,Great-West Lifeco Inc.,Canada,Financial Services,Insurance - Life,A,REJECT,79189090304.0,0.275,0.002,,True,False,True,0.70845,
IAG.TO,iA Financial Corporation Inc.,Canada,Financial Services,Insurance - Diversified,A,CONSTITUENT,16906784768.0,0.306,0.003,,True,True,True,0.00104,
POW.TO,Power Corporation of Canada,Canada,Financial Services,Insurance - Life,A,REJECT,56098938880.0,0.277,0.007,,True,False,True,0.00616,
ALV.DE,Allianz SE,Germany,Financial Services,Insurance - Diversified,A,CONSTITUENT,151866228736.0,0.732,0.013,,True,True,True,6.0000002e-05,
MUV2.DE,Münchener Rückversicherungs-Gesellschaft Aktiengesellschaft in München,Germany,Financial Services,Insurance - Reinsurance,A,CONSTITUENT,60270047232.0,0.831,0.009,,True,True,True,0.0,
HNR1.DE,Hannover Rück SE,Germany,Financial Services,Insurance - Reinsurance,A,CONSTITUENT,28243849216.0,0.93,0.002,,True,True,True,0.50200003,
TLX.DE,Talanx AG,Germany,Financial Services,Insurance - Diversified,A,CONSTITUENT,27268980736.0,0.794,0.005,,True,True,True,0.76739997,
ZURN.SW,Zurich Insurance Group AG,Switzerland,Financial Services,Insurance - Diversified,A,CONSTITUENT,86066569216.0,0.667,0.005,,True,True,True,0.00184,
SREN.SW,Swiss Re AG,Switzerland,Financial Services,Insurance - Reinsurance,A,CONSTITUENT,36393078784.0,0.738,,,True,True,True,0.00105,
SLHN.SW,Swiss Life Holding AG,Switzerland,Financial Services,Insurance - Diversified,A,CONSTITUENT,24530556928.0,0.771,0.005,,True,True,True,0.00389,
HELN.SW,,,,,,REJECT,,,,,,,,,no marketcap / no data
BALN.SW,,,,,,REJECT,,,,,,,,,no marketcap / no data
CS.PA,AXA SA,France,Financial Services,Insurance - Diversified,A,CONSTITUENT,86454501376.0,0.672,0.003,,True,True,True,0.2061,
SCR.PA,SCOR SE,France,Financial Services,Insurance - Reinsurance,A,CONSTITUENT,5616849408.0,0.662,0.019,,True,True,True,0.033299997,
COFA.PA,COFACE SA,France,Financial Services,Insurance - Reinsurance,A,CONSTITUENT,2273522688.0,0.409,0.011,,True,True,True,0.042930003,
G.MI,Assicurazioni Generali S.p.A.,Italy,Financial Services,Insurance - Diversified,A,CONSTITUENT,63638904832.0,0.899,0.007,,True,True,True,0.23236999,
US.MI,,,,,,REJECT,,,,,,,,,no marketcap / no data
PST.MI,Poste Italiane S.p.A.,Italy,Industrials,Conglomerates,B/C,CONSTITUENT,37482434560.0,1.0,0.015,,True,True,True,0.6426,
AGN.AS,Aegon Ltd.,Netherlands,Financial Services,Insurance - Diversified,A,CONSTITUENT,11253189632.0,0.911,0.001,,True,True,True,0.1689,
NN.AS,NN Group N.V.,Netherlands,Financial Services,Insurance - Diversified,A,CONSTITUENT,19592429568.0,0.94,0.002,,True,True,True,8.9999994e-05,
ASRNL.AS,ASR Nederland N.V.,Netherlands,Financial Services,Insurance - Diversified,A,CONSTITUENT,13678711808.0,0.454,0.005,,True,True,True,0.00021,
AGS.BR,ageas SA/NV,Belgium,Financial Services,Insurance - Diversified,A,CONSTITUENT,14112404480.0,0.854,0.028,,True,True,True,0.31044,
TRYG.CO,Tryg A/S,Denmark,Financial Services,Insurance - Diversified,A,CONSTITUENT,89563447296.0,0.635,0.008,,True,True,True,0.00055,
TOP.CO,,,,,,REJECT,,,,,,,,,no marketcap / no data
SAMP.CO,,,,,,REJECT,,,,,,,,,no marketcap / no data
GJFS.OL,,,,,,REJECT,,,,,,,,,no marketcap / no data
PZU.WA,Powszechny Zaklad Ubezpieczen SA,Poland,Financial Services,Insurance - Property & Casualty,A,CONSTITUENT,58477780992.0,0.608,0.009,,True,True,True,0.34188,
ADM.L,Admiral Group plc,United Kingdom,Financial Services,Insurance - Property & Casualty,A,CONSTITUENT,9726271488.0,0.576,0.009,,True,True,True,0.17998,
BEZ.L,Beazley plc,United Kingdom,Financial Services,Insurance - Specialty,A,CONSTITUENT,7591856128.0,0.619,0.005,,True,True,True,0.117010005,
DLG.L,,,,,,REJECT,,,,,,,,,no marketcap / no data
HSX.L,Hiscox Ltd,Bermuda,Financial Services,Insurance - Property & Casualty,A,CONSTITUENT,5698891264.0,0.692,0.009,,True,True,True,0.00187,
LGEN.L,Legal & General Group Plc,United Kingdom,Financial Services,Asset Management,B/C,CONSTITUENT,15520923648.0,0.915,0.001,,True,True,True,0.01963,
PHNX.L,,,,,,REJECT,,,,,,,,,no marketcap / no data
PRU.L,Prudential plc,Hong Kong,Financial Services,Insurance - Life,A,CONSTITUENT,25146042368.0,0.872,0.002,,True,True,True,0.00299,
AV.L,Aviva plc,United Kingdom,Financial Services,Insurance - Diversified,A,CONSTITUENT,18991300608.0,0.877,0.001,,True,True,True,0.0062,
STJ.L,St. James's Place plc,United Kingdom,Financial Services,Asset Management,B/C,CONSTITUENT,5828321792.0,1.0,0.001,,True,True,True,0.01914,
8766.T,"Tokio Marine Holdings, Inc.",Japan,Financial Services,Insurance - Property & Casualty,A,CONSTITUENT,13752718065664.0,1.0,0.018,,True,True,True,0.03097,
8725.T,"MS&AD Insurance Group Holdings, Inc.",Japan,Financial Services,Insurance - Property & Casualty,A,CONSTITUENT,6599186317312.0,1.0,0.017,,True,True,True,0.08016,
8630.T,"Sompo Holdings, Inc.",Japan,Financial Services,Insurance - Property & Casualty,A,CONSTITUENT,5658598965248.0,1.0,0.035,,True,True,True,0.04087,
8750.T,"Daiichi Life Group, Inc.",Japan,Financial Services,Insurance - Life,A,CONSTITUENT,6533925568512.0,1.0,0.017,,True,True,True,0.046090003,
8795.T,"T&D Holdings, Inc.",Japan,Financial Services,Insurance - Life,A,CONSTITUENT,2348463423488.0,1.0,0.021,,True,True,True,0.06146,
6178.T,"Japan Post Holdings Co., Ltd.",Japan,Financial Services,Banks - Regional,B/C,CONSTITUENT,6287553200128.0,1.0,0.011,,True,True,True,0.41373003,
6183.T,"BELLSYSTEM24 Holdings, Inc.",Japan,Industrials,Specialty Business Services,B/C,REJECT,100886601728.0,0.12,0.15,,True,False,True,0.55152,
000810.KS,"Samsung Fire & Marine Insurance Co., Ltd.",South Korea,Financial Services,Insurance - Property & Casualty,A,CONSTITUENT,29756661694464.0,0.624,0.015,,True,True,True,0.03735,
032830.KS,"Samsung Life Insurance Co., Ltd.",South Korea,Financial Services,Insurance - Life,A,CONSTITUENT,89248665436160.0,0.742,0.003,,True,True,True,0.49888,
1299.HK,AIA Group Limited,Hong Kong,Financial Services,Insurance - Life,A,CONSTITUENT,759490674688.0,0.896,0.014,,True,True,True,0.00042,
2318.HK,"Ping An Insurance (Group) Company of China, Ltd.",China,Financial Services,Insurance - Life,A,CONSTITUENT,975096512512.0,0.781,0.004,,True,True,True,0.12951,
2628.HK,China Life Insurance Company Limited,China,Financial Services,Insurance - Life,A,CONSTITUENT,791977000960.0,1.0,0.007,,True,True,True,0.0,
1339.HK,The People's Insurance Company (Group) of China Limited,China,Financial Services,Insurance - Property & Casualty,A,CONSTITUENT,228195794944.0,0.839,0.019,,True,True,True,0.0,
1336.HK,New China Life Insurance Company Ltd.,China,Financial Services,Insurance - Life,A,CONSTITUENT,155353415680.0,1.0,0.009,,True,True,True,0.058509998,
2601.HK,"China Pacific Insurance (Group) Co., Ltd.",China,Financial Services,Insurance - Life,A,CONSTITUENT,274179735552.0,1.0,0.009,,True,True,True,0.07172,
QBE.AX,QBE Insurance Group Limited,Australia,Financial Services,Insurance - Property & Casualty,A,CONSTITUENT,35946225664.0,0.503,0.006,,True,True,True,0.00078,
SUN.AX,Suncorp Group Limited,Australia,Financial Services,Insurance - Property & Casualty,A,CONSTITUENT,19738157056.0,0.694,0.014,,True,True,True,0.00178,
IAG.AX,Insurance Australia Group Limited,Australia,Financial Services,Insurance - Property & Casualty,A,CONSTITUENT,18656864256.0,0.512,0.02,,True,True,True,0.04696,
MPL.AX,Medibank Private Limited,Australia,Financial Services,Insurance - Specialty,A,REJECT,13356915712.0,0.056,0.041,,True,False,True,0.00145,
HDFCLIFE.NS,HDFC Life Insurance Company Limited,India,Financial Services,Insurance - Life,A,CONSTITUENT,1289695133696.0,1.0,0.002,,True,True,True,0.55588,
SBILIFE.NS,SBI Life Insurance Company Limited,India,Financial Services,Insurance - Life,A,CONSTITUENT,1810748801024.0,0.91,0.001,,True,True,True,0.58701,
ICICIPRULI.NS,ICICI Prudential Life Insurance Company Limited,India,Financial Services,Insurance - Life,A,CONSTITUENT,729660391424.0,0.485,0.002,,True,True,True,0.23651,
ICICIGI.NS,ICICI Lombard General Insurance Company Limited,India,Financial Services,Insurance - Diversified,A,CONSTITUENT,936946237440.0,0.898,0.009,,True,True,True,0.02365,
2881.TW,"Fubon Financial Holding Co., Ltd.",Taiwan,Financial Services,Insurance - Life,A,CONSTITUENT,1885869703168.0,1.0,0.007,,True,True,True,0.40671003,
2882.TW,"Cathay Financial Holding Co., Ltd.",Taiwan,Financial Services,Insurance - Life,A,CONSTITUENT,1694293688320.0,1.0,0.008,,True,True,True,0.35222,
2888.TW,,,,,,REJECT,,,,,,,,,no marketcap / no data
SLM.JO,Sanlam Limited,South Africa,Financial Services,Insurance - Life,A,CONSTITUENT,188642099200.0,0.934,0.003,,True,True,True,0.24370001,
BBSE3.SA,BB Seguridade Participações S.A.,Brazil,Financial Services,Insurance - Diversified,A,CONSTITUENT,75514568704.0,0.566,0.0,,True,True,True,0.6825,
BRK-B,Berkshire Hathaway Inc.,United States,Financial Services,Insurance - Diversified,A,CONSTITUENT,1055693602816.0,0.538,0.192,,True,True,True,0.00262,
RGA,"Reinsurance Group of America, Incorporated",United States,Financial Services,Insurance - Reinsurance,A,CONSTITUENT,13793140736.0,0.678,0.002,,True,True,True,0.0022,
MF.PA,Wendel,France,Financial Services,Asset Management,B/C,REJECT,3274791168.0,0.145,0.057,,True,False,True,0.42601,
RF.PA,Eurazeo SE,France,Financial Services,Asset Management,B/C,CONSTITUENT,2741671424.0,0.988,0.01,,True,True,True,0.43673,
BOL.PA,Bolloré SE,France,Communication Services,Entertainment,B/C,CONSTITUENT,15495515136.0,1.0,0.02,,True,True,True,0.77255994,
PEUG.PA,Peugeot Invest Société anonyme,France,Financial Services,Asset Management,B/C,CONSTITUENT,1451947392.0,1.0,0.0,,True,True,True,0.8,
ACKB.BR,Ackermans & Van Haaren NV,Belgium,Industrials,Engineering & Construction,B/C,REJECT,9361674240.0,0.163,0.159,,True,False,True,0.33338,
SOF.BR,Sofina Société Anonyme,Belgium,Financial Services,Asset Management,B/C,CONSTITUENT,8102571520.0,1.0,,,True,True,True,0.54596,
DIE.BR,D'Ieteren Group SA,Belgium,Consumer Cyclical,Auto & Truck Dealerships,B/C,REJECT,8508525056.0,0.222,0.135,,True,False,True,0.588,
COMB.BR,Compagnie du Bois Sauvage S.A.,Belgium,Consumer Defensive,Confectioners,B/C,CONSTITUENT,482524672.0,0.366,0.09,,True,True,True,0.52524,
GBLB.BR,Groupe Bruxelles Lambert SA,Belgium,Financial Services,Asset Management,B/C,REJECT,9500906496.0,0.29,0.136,,True,False,True,0.35704,
SOLV.BR,Solvac S.A.,Belgium,Basic Materials,Chemicals,B/C,CONSTITUENT,1667252480.0,0.987,0.0,,True,True,True,0.82417,
HAL.AS,HAL Trust,Netherlands,Financial Services,Asset Management,B/C,REJECT,14907773952.0,0.21,0.361,,True,False,True,0.81141,
EXO.AS,Exor N.V.,Netherlands,Industrials,Farm & Heavy Construction Machinery,B/C,CONSTITUENT,21544785920.0,0.971,0.001,,True,True,True,0.55131,
INVE-B.ST,Investor AB (publ),Sweden,Financial Services,Asset Management,B/C,CONSTITUENT,1198380285952.0,0.872,0.009,,True,True,True,0.00254,
INDU-A.ST,AB Industrivärden (publ),Sweden,Financial Services,Asset Management,B/C,CONSTITUENT,226747023360.0,0.993,0.0,,True,True,True,0.50772,
LATO-B.ST,Investment AB Latour (publ),Sweden,Industrials,Conglomerates,B/C,CONSTITUENT,124315435008.0,0.454,0.062,,True,True,True,0.77252996,
KINV-A.ST,Kinnevik AB,Sweden,Financial Services,Asset Management,B/C,CONSTITUENT,19049906176.0,1.0,0.003,,True,True,True,0.78424,
LUND-B.ST,L E Lundbergföretagen AB (publ),Sweden,Industrials,Conglomerates,B/C,CONSTITUENT,136151998464.0,0.777,0.054,,True,True,True,0.52711,
ITM.MI,Italmobiliare S.p.A.,Italy,Consumer Defensive,Packaged Foods,B/C,CONSTITUENT,1216701312.0,0.313,0.139,,True,True,True,0.603,
CIR.MI,CIR S.p.A. - Compagnie Industriali Riunite,Italy,Consumer Cyclical,Auto Parts,B/C,REJECT,602396928.0,0.024,0.477,,True,False,True,0.41731998,
ORK.OL,Orkla ASA,Norway,Consumer Defensive,Packaged Foods,B/C,REJECT,97112211456.0,0.108,0.222,,True,False,True,0.0523,
ONEX.TO,Onex Corporation,Canada,Financial Services,Asset Management,B/C,CONSTITUENT,8346504192.0,0.608,0.003,,True,True,True,0.14913,
ELF.TO,E-L Financial Corporation Limited,Canada,Financial Services,Insurance - Life,A,CONSTITUENT,5915296768.0,0.612,0.0,,True,True,True,0.57837003,
SOL.AX,WHSP Holdings Limited,Australia,Financial Services,Capital Markets,B/C,CONSTITUENT,16777252864.0,1.0,0.07,,True,True,True,0.10461,
IFT.NZ,Infratil Limited,New Zealand,Industrials,Conglomerates,B/C,CONSTITUENT,15059638272.0,0.369,0.24,,True,True,True,0.04132,
BAJAJHLDNG.NS,Bajaj Holdings & Investment Limited,India,Financial Services,Asset Management,B/C,CONSTITUENT,1190284099584.0,1.0,0.0,,True,True,True,0.61575,
TATAINVEST.NS,Tata Investment Corporation Limited,India,Financial Services,Asset Management,B/C,CONSTITUENT,349208739840.0,1.0,0.0,,True,True,True,0.73817,
ITSA4.SA,Itaúsa S.A.,Brazil,Industrials,Conglomerates,B/C,CONSTITUENT,143337947136.0,0.794,0.047,,True,True,True,0.20647,
GCARSOA1.MX,"Grupo Carso, S.A.B. de C.V.",Mexico,Industrials,Conglomerates,B/C,REJECT,322234515456.0,0.173,0.287,,True,False,True,0.76089996,
REM.JO,Remgro Limited,South Africa,Financial Services,Asset Management,B/C,CONSTITUENT,108333031424.0,0.79,0.081,,True,True,True,0.03186,
SBP.JO,Sabvest Capital Limited,South Africa,Financial Services,Asset Management,B/C,CONSTITUENT,5809200128.0,1.0,,,True,True,True,0.44722998,
GHC,Graham Holdings Company,United States,Consumer Defensive,Education & Training Services,B/C,REJECT,4930146816.0,0.027,0.118,,True,False,True,0.07247,
JEF,Jefferies Financial Group Inc.,United States,Financial Services,Capital Markets,B/C,CONSTITUENT,12695245824.0,0.712,0.016,,True,True,True,0.25329,
IAC,People Inc,United States,Communication Services,Internet Content & Information,B/C,CONSTITUENT,3142127872.0,0.452,0.04,6.0,True,True,True,0.03348,
8058.T,Mitsubishi Corporation,Japan,Industrials,Conglomerates,B/C,CONSTITUENT,16623203254272.0,0.318,0.175,,True,True,True,0.12845999,
8031.T,"Mitsui & Co., Ltd.",Japan,Industrials,Conglomerates,B/C,CONSTITUENT,13366031548416.0,0.438,0.179,,True,True,True,0.13477,
8001.T,ITOCHU Corporation,Japan,Industrials,Conglomerates,B/C,CONSTITUENT,12913863557120.0,0.34,0.144,,True,True,True,0.09472,
8002.T,Marubeni Corporation,Japan,Industrials,Conglomerates,B/C,CONSTITUENT,8003340730368.0,0.4,0.109,,True,True,True,0.10301,
8053.T,Sumitomo Corporation,Japan,Industrials,Conglomerates,B/C,CONSTITUENT,7690565713920.0,0.34,0.093,,True,True,True,0.12887,
2768.T,Sojitz Corporation,Japan,Industrials,Conglomerates,B/C,REJECT,1102095056896.0,0.254,0.113,,True,False,True,0.040349998,
8015.T,Toyota Tsusho Corporation,Japan,Industrials,Conglomerates,B/C,REJECT,6536310030336.0,0.175,0.168,,True,False,True,0.35804,
8591.T,ORIX Corporation,Japan,Financial Services,Financial Conglomerates,B/C,REJECT,6937828130816.0,0.27,0.126,,True,False,True,0.001,
BN,Brookfield Corporation,Canada,Financial Services,Asset Management,B/C,CONSTITUENT,99260989440.0,0.406,0.32,,True,True,True,0.17645,
0001.HK,CK Hutchison Holdings Limited,Hong Kong,Industrials,Conglomerates,B/C,CONSTITUENT,265996566528.0,0.329,0.138,,True,True,True,0.30482,
0087.HK,Swire Pacific Limited,Hong Kong,Industrials,Conglomerates,B/C,CONSTITUENT,45929472000.0,0.705,0.068,,True,True,True,0.74837,
J36.SI,Jardine Matheson Holdings Limited,Bermuda,Industrials,Conglomerates,B/C,CONSTITUENT,19085334528.0,0.528,0.128,,True,True,True,0.36611,
028260.KS,Samsung C&T Corporation,South Korea,Industrials,Engineering & Construction,B/C,CONSTITUENT,80426685169664.0,1.0,0.118,,True,True,True,0.48722,
003600.KS,683186,,,,,REJECT,,,,,,,,,no marketcap / no data
INH.DE,INDUS Holding AG,Germany,Industrials,Conglomerates,B/C,REJECT,738302208.0,0.007,0.23,,True,False,True,0.18197,
III.L,3i Group Ord,United Kingdom,Financial Services,Asset Management,B/C,CONSTITUENT,22240505856.0,0.975,0.002,,True,True,True,0.02049,
TKO.PA,Tikehau Capital,France,Financial Services,Asset Management,B/C,CONSTITUENT,2963916032.0,0.801,0.015,,True,True,True,0.59901,
FIH-U.TO,Fairfax India Holdings Corporation,Canada,Financial Services,Asset Management,B/C,CONSTITUENT,2287088384.0,0.997,,,True,True,True,0.27794,
PRX.AS,Prosus N.V.,Netherlands,Consumer Cyclical,Internet Retail,B/C,CONSTITUENT,81465548800.0,0.752,0.007,,True,True,True,0.00881,
BREB.BR,Brederode SA,Luxembourg,Financial Services,Asset Management,B/C,CONSTITUENT,3012614400.0,1.0,,,True,True,True,0.6229,
LXMPR.LS,,,,,,REJECT,,,,,,,,,no marketcap / no data
AKER.OL,Aker ASA,Norway,Industrials,Conglomerates,B/C,CONSTITUENT,85284093952.0,0.535,0.29,,True,True,True,0.72844005,
NPN.JO,Naspers Limited,South Africa,Consumer Cyclical,Internet Retail,B/C,CONSTITUENT,626663686144.0,0.745,0.01,,True,True,True,0.0148599995,
AC.PS,,,,,,REJECT,,,,,,,,,no marketcap / no data
SEM.LS,"Semapa - Sociedade de Investimento e Gestão, SGPS, S.A.",Portugal,Basic Materials,Paper & Paper Products,B/C,REJECT,1769106688.0,0.05,0.33,,True,False,True,0.81787,
SON.LS,"Sonae, SGPS, S.A.",Portugal,Consumer Defensive,Grocery Stores,B/C,REJECT,3823433728.0,0.216,0.321,,True,False,True,0.58085,
ALB.MC,,,,,,REJECT,,,,,,,,,no marketcap / no data
PSH.L,"Pershing Square Holdings, Ltd.",United States,Financial Services,Asset Management,B/C,REJECT,6784941568.0,1.0,,,True,True,True,0.2834,closed-end fund / investment trust excluded (G1a)
RCP.L,RIT Capital Partners Ord,United Kingdom,Financial Services,Asset Management,B/C,REJECT,3141677312.0,0.931,0.005,,True,True,True,0.27899998,closed-end fund / investment trust excluded (G1a)
CDI.PA,Christian Dior SE,France,Consumer Cyclical,Luxury Goods,B/C,REJECT,83566182400.0,0.022,0.314,,True,False,True,0.97502,
PAH3.DE,Porsche Automobil Holding SE,Germany,Consumer Cyclical,Auto Manufacturers,B/C,CONSTITUENT,9395749888.0,0.956,0.0,,True,True,True,0.00041,
BIPC,Brookfield Infrastructure Corporation,United States,Utilities,Utilities - Regulated Gas,B/C,REJECT,4871660544.0,0.015,0.591,,True,False,True,0.00011,
BOC,Boston Omaha Corporation,United States,Industrials,Conglomerates,B/C,REJECT,399513920.0,0.215,0.324,,True,False,True,0.04502,
DC-A.TO,Dundee Corporation,Canada,Basic Materials,Other Precious Metals & Mining,B/C,REJECT,313541696.0,0.18,0.003,,True,False,True,0.24621001,
BAT.L,,,,,,REJECT,,,,,,,,,no marketcap / no data
BH,Biglari Holdings Inc.,United States,Consumer Cyclical,Restaurants,B/C,REJECT,1044477504.0,0.15,0.397,,True,False,True,0.0043200003,
